requests_per_minute,failed_attempts,data_accessed_mb,unique_endpoints,login_time_seconds,label
4.370861069626263,0,0.9988304703442026,4,1.9966462104925915,0
2.4041677639819286,0,0.5898770875082142,3,2.665440364437338,0
6.41003510568888,1,3.2893535174493795,1,2.9247746304049858,0
8.491983767203795,1,0.10381595262097021,4,0.9585112746335845,0
3.7381801866358395,1,0.1346248955766153,1,1.2280728504951048,0
6.506676052501415,1,0.3286617497467156,4,1.4159046082342293,0
5.104629857953324,0,3.130091445732128,4,1.785586096034029,0
6.331731119758382,0,4.313707993007971,3,0.9263103092182288,0
1.5854643368675156,1,4.716788602855779,2,2.5209933702911527,0
3.741523922560336,0,1.2313797455485302,4,1.6003812343490034,0
2.0983441136030097,0,4.182655067507206,3,2.7733010051969553,0
3.3290198344001523,1,3.8012709105564975,2,1.800170052944527,0
5.920392514089517,1,0.2534351330322371,2,2.4378320584027864,0
9.455490474077703,1,4.640628442389591,3,2.804685587557792,0
1.7964325184672756,0,2.6520878741265363,2,1.313325826908161,0
4.498095607205338,1,2.744491448706491,4,1.3918833167339733,0
3.5284105871864266,1,1.4523959919104628,1,2.5054924518850994,0
1.6709557931179373,0,2.174667255461211,1,0.996789203835431,0
1.0496990541124216,0,1.0743277800351454,4,2.3225179201024684,0
7.941433120173512,0,4.63887430471541,2,0.7896726488128243,0
8.767930832880342,1,2.3023083032771967,1,0.6588958757150591,0
3.79884089544096,1,3.363019547425734,4,2.093893678388033,0
8.98491468318694,0,1.9763416862935703,3,2.2831119680574874,0
7.847065437552077,1,1.2563261067698834,2,1.7344889909109769,0
5.704595464437946,0,0.6433650219779735,4,0.7697285674832611,0
1.2828626711806081,0,2.429314093592348,1,1.771426727911757,0
9.168098265334837,0,3.061645158461305,3,2.3888778463576217,0
3.059183489424602,1,3.034440785793827,3,0.903053218135011,0
9.367278871083158,0,1.5486050606047987,1,2.6786514754692945,0
8.23304869209203,1,2.1408987445647947,2,1.8483556047891267,0
8.266961396476564,1,1.8458594065771772,2,0.7751298113191919,0
3.051416462877475,1,0.10254984727704752,1,2.6518264581408584,0
1.0625691747807164,1,2.717038154939666,2,1.0552695261768257,0
2.0787883060031453,1,1.2962150590140937,3,1.308007330051888,0
5.669115595690295,0,2.0787972381844,2,2.929455206802402,0
9.662025654479,1,3.511890936914963,3,1.252195774541924,0
3.5635644493972087,0,1.4072269699488966,2,1.7566975580721538,0
1.463308761249904,0,1.7908491153307469,1,1.098904726667431,0
2.304053848821008,1,2.2941375064081493,2,1.105138178778751,0
7.049219926652907,0,1.9113068347008821,1,2.3205408715296487,0
4.3100481944732785,1,4.918773390384731,2,1.8394367101868963,0
1.8126079304896747,0,0.8385159654306045,3,0.9662962759996356,0
1.3669762739928752,1,1.6971986354892354,4,0.5414695723196403,0
5.608837524693529,0,1.808463337729474,3,0.9359160725124787,0
7.218439642922194,1,2.6369816175846528,4,0.8438023603649831,0
4.069597159452327,0,1.1244509416147972,3,2.6933483834524523,0
3.3214746494364005,1,0.9572791427700873,4,1.8880020289986559,0
5.766855205204059,1,4.981643128813829,2,2.7430393948833167,0
9.103762514469974,0,1.024664830872759,1,1.3730239365316521,0
7.533601109832154,0,4.295989030202653,2,2.4496888646440595,0
6.77828481538859,0,4.684611471682643,4,2.7463854713176983,0
6.457861536936309,0,1.9241855561525414,1,2.1587544227701394,0
1.0455542546159682,1,1.596282915687528,2,2.229737994231733,0
6.867651335523405,0,0.9620337381189924,4,1.0931227187420003,0
3.9285972834334095,1,1.8956970444560137,4,2.623058526235445,0
6.91851603070309,0,2.758447129719007,3,1.4192895076485839,0
3.386821309135529,1,2.990367153046665,2,1.482744311666901,0
9.02841899659402,0,2.228532391001101,1,1.7565927327629802,0
6.192134961637232,1,4.334421068852325,4,2.3061302881537635,0
3.526951261967702,0,3.8659146701009144,4,0.9427766985176224,0
9.464127259176228,0,1.4698456748041173,2,1.425396750638611,0
1.1391095487598069,1,1.7206764928855174,2,2.916637047609174,0
9.672579793803276,0,0.4691966544300282,1,1.4627443215048133,0
8.660230043651712,1,2.4778713839539472,2,1.8920031561458754,0
9.425392967447028,1,4.657082490573076,2,0.7429412344269213,0
6.535065040292528,1,1.8573692283512033,3,1.795824130909342,0
8.8963576473516,0,4.2584819951309045,1,2.256210209967773,0
4.2354203609777965,0,1.5528997038742127,2,2.525283486697952,0
8.803650867220934,0,0.4998114839611778,3,1.753790736717999,0
8.184656610700976,0,0.44761049329964553,2,2.4894816735902525,0
9.010048076358096,0,0.23532218218115306,2,0.7349548496021725,0
6.204521268965566,1,1.7079480706261867,2,1.8566115867689414,0
3.5788712691545594,1,4.315982629727209,1,0.593370471873036,0
8.403405045936925,1,2.731703893263612,1,1.805608150137011,0
7.9299419778874976,1,4.829733968914772,3,0.71336866248442,0
1.4651354905174694,1,2.1156341347777254,3,2.0935747537455165,0
7.534822003503954,0,4.850730648859379,2,1.3073911823531148,0
8.156675752918332,0,2.2242516141456363,2,0.6961409533556648,0
1.2281566907391177,0,0.49627753642426864,3,2.239935515234245,0
4.680576499728429,1,4.584547265369754,3,1.1256072454114883,0
5.943039982355084,1,0.996043385825806,1,1.1998347423648572,0
9.593787525968747,0,3.319845509650818,1,2.0293018655858805,0
4.776400561850109,1,2.873582331420974,3,2.3946152761609225,0
1.1295413976678028,1,0.5498154224858652,3,0.6018220057974253,0
8.699145256099065,1,0.9591183224577589,4,0.7445854016275038,0
5.4245428760514915,0,1.7968911733380641,2,1.5846291230949325,0
4.586542609576361,1,4.750814084797791,4,0.6132600244301113,0
4.371513531638241,1,4.673837909589467,4,2.6412246029708055,0
6.928242684570505,1,3.117670705510578,4,2.106048195515789,0
1.2386017948745964,1,3.2183776274854554,4,1.9386854446896975,0
4.493529335858697,1,0.7296517308461599,1,1.8640419732898375,0
9.473183278988726,0,4.120091534479213,4,2.7633766048901593,0
2.762120213103668,0,1.1514866865710334,2,0.5455545641288744,0
1.8499866468033557,0,1.74911565295476,2,1.2974390757344032,0
8.60387779872509,1,1.7690603903747764,3,1.2046369369335,0
2.0634834485949063,0,1.8068493618206674,3,2.6936800338176323,0
7.615639394234972,0,4.8411447024492125,4,0.943598859449307,0
7.755532764767725,1,2.922030418764615,3,1.5315441922785662,0
4.348162772135049,0,2.9446656604851587,3,2.826893314008912,0
8.725714766587107,0,3.4312394215112048,3,2.386357185211706,0
1.9281148195233935,0,2.718204620299761,4,2.566143665269354,0
3.880446409275506,0,0.5899259470931306,4,0.5270941287007459,0
9.148437787773373,1,1.8390354332673313,4,2.8751549176270124,0
9.555464322438006,0,2.5158257230818446,4,1.6211138049457994,0
3.638896945282581,0,2.813144956494424,1,2.3809363235942,0
8.124211393532637,0,0.6559765498854953,1,1.7360507617564536,0
1.5180288401497986,0,0.37376865791901526,3,2.7192604568957495,0
4.158235112968708,1,4.8463945254732606,1,2.4037765792936807,0
6.56396256984635,0,4.208555742443527,2,2.2524228286478,0
1.6548670572777417,1,4.470294853006205,2,0.7033719516047494,0
1.7635394267667273,0,2.9483965444112337,1,1.4266053676672272,0
8.315196105317522,0,4.547699161107877,1,2.3834454631473543,0
4.386336269778242,0,2.4601682410241654,4,1.8960106243395125,0
4.817998083222786,1,1.718237392193583,2,1.7315627607271478,0
1.1021828029067717,1,2.9002178235045526,4,0.7970447906701799,0
2.057736220993944,0,3.7466371190221603,3,1.958421912742899,0
9.659552936270877,0,2.440802965313116,1,2.671497820473651,0
3.0123625466750736,1,4.030335320230997,1,2.9246970667690975,0
1.388439207555185,0,0.3126638381610466,1,2.982411990298251,0
1.6641690826185898,0,3.5075145032225734,1,1.807744610425372,0
6.664587743217362,1,1.5430203395132065,1,2.0688952002101586,0
6.258828807307902,1,3.711793458630795,3,1.2024079739805758,0
9.553703356689029,1,2.0331568131798363,4,2.050331494503842,0
3.496430646830194,1,3.2695569721767472,4,1.383380570065132,0
6.252905006657849,1,1.8656909665058146,4,2.9655268611990073,0
7.2834554261777065,0,1.4708411851278342,1,2.5344875492673715,0
7.162580552984913,0,0.7526071135963736,3,2.5563431073079226,0
9.548199219627316,1,2.947696843786049,1,1.5456075907265472,0
9.39455635018612,1,2.8027805754659436,1,0.5659174362431301,0
4.388170301902447,0,2.4538134011451382,3,0.8760422277588205,0
6.347176438169216,0,2.02564829999641,3,2.6052973078392716,0
8.54495834240024,1,0.28042715141635777,3,1.1835176798267657,0
1.507379469858344,1,3.489400546127669,1,2.9992941832153264,0
9.969731533665149,0,2.9672327083948127,1,2.86191432470607,0
8.646826516096702,0,1.2813156784151962,1,0.8228985378787375,0
9.586459245328502,0,1.115415480139477,1,2.1792517110146417,0
6.5631541641210625,1,1.4164951619240063,3,2.178932988981999,0
5.68276930813414,1,4.173720301306256,2,2.63045375079635,0
5.9671615489703695,0,0.5332002944916683,3,1.5087071655309927,0
2.2061370560557667,0,2.160625315458868,1,2.0507738783836618,0
7.336717912893012,0,4.525440187515469,4,0.5363616641697049,0
4.155288029259372,1,3.219557175949185,3,1.5936873050593228,0
9.137428250443735,1,2.782486903805647,1,2.4591325318528576,0
4.568885040891431,0,2.665651152473555,1,2.8738015591441055,0
2.323661328361341,1,4.226247933591678,1,1.1456109707473958,0
5.132221806144352,1,3.1419478536682477,2,1.3218790257187705,0
6.700607688850532,1,1.7736597312370708,3,0.8221993047766231,0
2.152412550619952,0,2.061472395660379,4,2.1021868620080366,0
2.6369207595923037,1,2.117139950351888,4,1.6849041006571808,0
7.008019646689244,1,3.0494834381507054,3,0.6021715406661972,0
2.520415567649481,1,1.8033341509651495,2,0.721756334392639,0
2.085722839905407,0,1.8443582729327321,2,1.4106746526201888,0
5.530755437693712,0,1.6757555469321423,2,2.4985259972726066,0
6.6511035054181695,0,2.60711936638158,3,2.802181001329533,0
1.5497016386937736,1,4.354675424474375,4,2.370649225959146,0
2.6606891742073957,0,2.7292941653379295,4,1.7113074629775533,0
6.564292943772664,0,2.7032021944703173,2,2.3686773453343912,0
1.330148826015381,1,0.7522729500786435,3,2.7380170942179984,0
5.6050969790409955,0,0.2493135483946114,2,1.6185309170586366,0
5.793555398095209,0,0.6138589160091564,3,1.4432104077615566,0
1.1806407799995373,0,4.219478930801863,2,1.3187433804447866,0
2.077859186373261,0,1.7803416349634753,1,2.197755797861224,0
8.102541147466045,0,2.4499522985958264,4,1.8427663545463695,0
6.281570062187912,1,2.9740236298377196,4,0.8189507569889094,0
3.55398315218852,1,4.50827224601056,4,1.9269457616722798,0
4.204870533080616,0,1.7187075582764788,1,1.0930669793399863,0
1.9160422535836337,1,1.8902484164028828,4,0.9017034331488891,0
2.679103216461752,1,4.048737945031603,4,2.741913561566063,0
1.7221037109547799,0,0.18938815899896913,1,2.955946542271516,0
2.008350119512471,1,2.922392247247734,3,2.6637678147349506,0
8.353648638543518,0,2.5046690183680442,2,2.1716080498110775,0
9.364383902148273,0,2.721679987020062,2,1.1999477341507103,0
7.925436398727432,1,4.843170925870748,4,1.563591096541042,0
5.568493408160095,0,2.696216113587472,1,2.0265501061040814,0
3.597674979162302,0,2.5799093861608005,3,1.7028502546370436,0
5.793304892964272,0,1.9092293593984913,4,0.8360366923474356,0
1.5703747342549097,1,1.0884792654181557,4,2.5246861146365873,0
3.2917658928738747,0,0.1132834071302154,1,1.9890968515196108,0
5.244185696951425,0,3.9920183048356663,3,2.823822860619565,0
8.475574670089562,1,2.101739635385993,1,2.3271686880091105,0
9.44506411138934,1,1.9582200663226221,1,2.3528016232251474,0
6.170258018619207,1,3.9294209605819335,3,2.4881682796497255,0
2.8146458804297008,1,4.143150115794707,1,2.536436800578455,0
6.986774986265801,1,4.5485440392663286,1,2.6930013520327707,0
4.532005966803719,1,2.3145481463652926,4,1.442361073562269,0
5.164118071026458,1,2.7449272033817023,3,1.756800975231198,0
3.0899142563213555,0,2.0182623399873596,2,1.8588821527849715,0
9.158248998680923,0,2.759961622005704,2,2.849580309033688,0
6.6493724776427605,1,3.499216276276359,4,2.48506297317574,0
6.580654803356621,1,3.733158464581323,3,2.4714930280613268,0
2.365073917594761,0,3.5642042600929495,3,2.359865731431692,0
1.3017919126220145,1,3.5989140028957096,1,2.6919140919043736,0
4.078735738443167,1,2.7287586222745146,3,2.6161307293362954,0
2.147397960987842,1,2.561212902566398,4,0.8747935683719344,0
3.0632625570937733,1,3.882221704931401,3,2.1028690822132434,0
7.2455360002039,1,3.609277466191466,3,1.3642399837597985,0
2.634379451212831,1,1.7783688601748628,2,1.5021285419090997,0
5.1580522327971945,1,3.113256289448007,2,1.965574580041993,0
5.5529981099601935,0,1.354476106082945,4,2.6803097723603786,0
9.38906454235251,1,4.601877559077658,1,2.8062484529432394,0
7.3651477088205874,1,3.8791086757467164,3,2.01678761595714,0
4.817176041721474,0,0.6108101336538666,1,2.813921282266941,0
5.057554342637189,1,1.255939569515898,2,2.5972452161148354,0
2.1219641308294017,0,1.727517422009201,2,1.7970951428151802,0
6.321478921704363,0,1.9585979220891896,1,1.3379931041147524,0
8.225681037382103,0,3.0582355054776813,3,1.4954217339773583,0
5.836560426441306,0,4.622505135812576,3,1.3673830047405693,0
7.637511232987736,0,2.97663429826918,3,1.6310987903317336,0
2.2677131834181985,1,2.9303965750485816,4,1.5473136237613698,0
9.2336131096129,0,3.92442896697583,3,2.080660719798826,0
1.1178501092950026,0,2.624351043793382,1,2.902675793673638,0
2.3379645497780164,1,4.317096887664596,3,2.9921856296148683,0
5.519755092981184,0,1.6186909387161936,2,2.3749011759979446,0
2.889150337860272,0,1.811996295341732,2,0.9767193016591664,0
1.328947010632854,1,4.1991675851324315,3,0.6642715985708809,0
7.9797485502550956,0,2.685473877709451,2,1.6019068673455703,0
4.606867547877934,1,3.8502457772245795,4,0.9548203262381778,0
8.756070589121656,0,3.7909064816625095,2,1.1768616828588845,0
6.795995889151142,1,4.023673880281994,3,0.8903814934154759,0
7.443750059626578,0,2.0991240272877394,1,1.0549304048323735,0
3.0796731692926427,0,2.576988607619566,4,0.7602714549614347,0
8.199244768358703,0,4.448556364316165,4,1.0954569526168163,0
1.8949725348341064,1,4.94477103158167,4,2.6392411702657146,0
8.471978781102925,1,4.72760765532864,2,1.0124607385395525,0
3.6383295723491194,1,0.5259325732567117,2,0.7137713271361702,0
2.870976296314246,0,0.7016067593472717,3,1.9576039024242304,0
4.792820955332481,1,4.562057617347489,1,1.35454337924469,0
3.3348109008816325,1,1.8789901397559439,3,1.1701591020571906,0
6.617340170642207,1,3.8917891636865676,1,1.5903163228382917,0
3.650191835877259,1,4.875281599474462,4,0.8502829394161313,0
8.816211783081215,1,4.9282998299845,3,2.499638139868288,0
4.8269215402231005,0,2.611042513821416,1,1.8540855366521674,0
6.701303978435325,0,1.168313226721024,2,2.5873255919982476,0
9.85961962633197,1,4.51280427605829,2,1.1807683162984224,0
1.1655160889272005,1,2.6953422254098975,2,1.941291188785634,0
3.466496986184854,0,2.085715631335675,2,2.5743545092680042,0
2.8577914458454288,1,0.7860908394362002,3,2.7500466046202625,0
8.865010698062637,1,1.3285802367518291,1,2.162591686365639,0
2.5783415076110465,0,4.206724119573649,1,1.4578463206237435,0
5.670259347545538,1,1.8339697451501225,2,2.345084041065926,0
1.7451880113261382,1,3.877831035123845,1,1.4732390351049414,0
3.598243630936299,1,4.586017018730379,3,1.2428042890579376,0
6.097641762672074,1,2.043581927955066,4,2.842074348311895,0
7.593148874892252,0,1.4225649897217552,3,1.1556601107495628,0
6.355701376302293,0,4.247398461641331,3,1.992107122292223,0
4.008195017352648,1,2.4237628126318116,1,0.6878444543395219,0
7.55369880583243,0,3.5541351934758705,4,1.5870683465093656,0
3.2176182991519613,0,0.48105018598688976,4,2.236741177136067,0
3.449306235069664,1,0.6051593554673499,1,0.7289551833165854,0
9.255822179160186,0,3.9710664380800953,1,1.6150144323948894,0
2.666196359547577,1,4.7950368857192585,3,2.3305622160239032,0
8.259050330753048,0,3.6481063134383795,4,2.6229891289132983,0
3.2470120797326736,0,3.268658103674101,3,2.9691700199916173,0
9.49653405717952,0,0.3164106447794909,4,2.8131207935391647,0
2.6251781061460018,0,2.418729578598534,3,0.584864946464497,0
7.276782405221559,0,1.0437352361495893,4,2.9276456129134196,0
9.498398402020905,1,3.7508162857890803,4,2.611373496337676,0
3.871904259189301,1,3.258278588066529,2,1.9906746962051325,0
3.0700795355893273,1,2.457203230836024,3,2.2407219396953493,0
4.058874673912595,0,2.081978703441069,3,1.2882258445765258,0
5.855421631378035,0,3.342110357894654,1,2.0647284410925226,0
8.973799734125684,1,4.395660351526002,2,0.5610019538913451,0
8.830889865108368,1,0.10116386552183444,1,1.82234283506803,0
9.451609286616065,0,0.44314555816260803,2,1.3767795386292754,0
7.904694600380142,0,0.2842241887106783,4,2.068763658045925,0
8.863094027677048,0,2.0516081814806144,2,1.5444169554183345,0
4.792213020493632,0,3.6881318552047615,1,0.7761852828284866,0
4.191599418766989,1,4.278826926290317,2,1.0840193776247748,0
1.378838706727257,0,4.560661600081918,3,1.569432834339656,0
4.4589398244371345,1,0.7097440307545961,3,2.8749029598755635,0
8.07710512973997,0,2.9839157219689025,3,2.6977957689054115,0
9.502588200622693,0,4.528247439158825,2,0.9175848652301881,0
9.92051763523279,0,2.067743158484889,1,2.124116622480921,0
6.469631153909732,0,0.6896599339714801,3,0.9413200800137707,0
2.9843758816315784,0,4.790624288618296,4,1.3753131479168252,0
1.5205840890705673,0,1.1599877128791123,1,2.8193807079880324,0
9.954170403817917,0,1.3751435029624839,3,2.395596189260228,0
7.26418556248413,1,4.497437125426399,3,1.0611014295916517,0
3.0143585334036076,0,0.27083928514574207,4,1.9502155195945279,0
1.8233815365797938,0,2.016731853793861,3,0.8237873032070104,0
8.998732718820794,0,4.275748313400338,2,2.523790186812195,0
6.8971778257511955,0,3.7025420071649187,2,1.5211330326767467,0
4.354196653110826,1,3.509000034963776,4,1.7396893376969271,0
1.7294159431688314,1,0.6363974142668241,4,0.6903271487257505,0
8.660862226438919,1,4.426240718773561,2,1.981019461648794,0
8.422128693326343,1,3.344348849522167,4,1.9143299099894777,0
3.403254431524792,1,2.6541755296840335,4,2.1461295866460635,0
8.655235561848176,0,0.8859605161173533,1,2.59253332090918,0
7.277243155023553,1,0.6185870597600616,3,2.381791598894103,0
2.427445947637663,0,4.810444912106046,1,0.5731182075863979,0
8.432350755082865,1,4.117739895299691,1,2.3587706407290194,0
2.4468390644347737,1,2.8252905016948096,1,1.7686693344020905,0
1.0574728454515023,1,0.5120812998931248,3,2.9529654450685587,0
6.686321743150016,0,1.9458072737353143,4,1.8499634492896386,0
8.018608556360292,1,1.48838044650135,3,1.8531664466902757,0
9.666928034730951,0,2.0215409360814633,3,2.8300702637750437,0
1.9225875519161133,1,0.9513920290070773,4,0.6695926477629297,0
3.708672102521346,0,3.8778230334074646,1,1.9554261504406831,0
4.112947512576611,1,0.4660026470134847,2,2.6788420153809405,0
9.761400722596573,0,2.2851957043505755,3,0.8252156003265799,0
7.824368763361203,0,0.42156810841266346,1,1.309025547873853,0
5.397788713641992,0,1.3372928734730731,3,1.614756765941871,0
3.462639996534993,0,4.727087811293367,3,1.6284675608241888,0
2.4726143907250226,0,4.147011752419493,3,1.051924031971901,0
1.7414294105425843,1,1.2272630468540264,3,1.1831488174955234,0
9.557772060253694,1,0.25338133736282964,1,2.859039800418997,0
4.7775458523351,0,4.826150314124022,3,1.1855380058716751,0
9.855798831638454,0,1.6716394281468248,2,1.0748865147277153,0
2.9179423362257495,1,4.353801786103602,4,1.4213158593094029,0
8.779224248556734,1,2.761840748370795,4,0.9638137892578029,0
8.817608511600497,0,0.8529243869894522,3,2.611958070292219,0
7.84921591848699,0,4.004309356533735,4,0.5813154487281298,0
9.287630630341182,0,1.0087484859156064,3,1.7038058787813752,0
2.0557737006615504,0,3.0758015964870893,4,1.5757647372486567,0
2.8047225403030307,0,0.8880447984831313,2,1.954928504785997,0
3.4209406399158793,1,2.2229090699611125,4,1.638050372704503,0
1.1045848591729057,1,3.434237469160694,2,1.6998470867928088,0
6.400184933073733,1,3.319220902066016,1,2.6503059929730113,0
8.018658900040148,1,3.648998009819419,3,0.7623254460454372,0
3.178405142762747,0,2.8974320590364053,3,1.7472203836283902,0
6.563401608863072,1,1.795481181459714,4,0.5244271185479592,0
3.938151774195927,1,2.7177868092845814,1,1.376567328022952,0
1.298827979122299,1,1.8532266195485299,3,0.8317893851076509,0
6.107867634354023,1,3.496650310031137,3,1.0003756106120252,0
2.507343240331628,0,4.762594874341102,1,2.266189316217253,0
1.2842753034307783,1,3.121362451126123,3,1.8532408382526762,0
7.381544675058247,1,4.7420172668920895,4,2.5043202076744797,0
4.0550517328852544,0,2.4735523931127994,3,2.737041640151319,0
5.928331385383626,1,3.940779511752424,3,2.108944237991312,0
5.737623948425019,1,2.249175360798738,2,0.6508802099764095,0
3.223929106091318,0,2.4484667500238078,3,1.0480349683951107,0
9.782787302372181,1,3.746967421415283,1,2.4742462678561976,0
6.928369979507885,0,0.892195466319333,2,2.2980044456806596,0
3.0560926719816885,1,2.758145315024901,3,2.1258142158673423,0
2.7958820583623063,0,1.1807495121193843,2,0.5766312555145152,0
3.3191459966009234,1,0.9535473492334429,1,2.31792267441577,0
7.684358690799829,1,3.1809476092091313,4,1.4275969074615067,0
9.88884607362452,1,2.7621725644801134,3,1.9466885214309835,0
4.947538772706315,0,2.038024332260175,4,2.6835580952041513,0
9.106316776101327,1,3.309545760277332,3,1.9808758214834055,0
9.211270110550219,1,1.980851044152202,2,2.0789005502313014,0
7.5980172017375285,0,3.9024010144736048,4,2.7725813016641023,0
2.6171479798321777,1,1.9269583222257791,2,0.9524423817737244,0
8.689465840326212,0,2.24211040520245,2,2.6768747531812784,0
5.007747295023989,1,2.939133006783154,4,1.9823771285873186,0
2.4717148532652047,0,1.629525477812591,4,1.1453335817528187,0
6.910629980871629,0,2.983221903368967,4,0.8271841517958746,0
9.728389405706903,0,1.2499027874816004,2,0.6837418683250316,0
2.5278211457878665,1,2.299010111773875,4,2.5722084147065236,0
4.877987712956253,1,2.9806334184408962,4,2.2669430422136143,0
2.5033771711085486,1,1.9588570906198768,3,2.341005037664101,0
6.974240748596245,0,3.9307726162406444,4,2.514175382375133,0
6.26818927957077,0,2.8348872230099285,3,0.7797990484943197,0
3.4277465036529065,1,0.7025569617951709,1,2.8415142307374035,0
1.3540918660165868,0,1.2010357671661323,1,2.8346875438197623,0
3.8454049447907543,0,2.964886432168685,4,0.8708580024052222,0
9.879671106629623,1,3.4612419063166224,2,2.8795294635580975,0
6.752079440339504,0,2.9425499255077936,4,1.7889900714481257,0
5.399619222312282,1,2.708000445248866,3,0.5749339746816948,0
3.7713694743207182,1,4.705116980441525,4,2.1835810833122933,0
9.729208414965434,0,3.6810644268672945,1,1.6093755482614278,0
8.813280289397548,1,1.3510019711693162,1,2.5952882241202757,0
9.501527975266209,1,0.18582835522410496,2,2.0446181005030346,0
8.820144860308464,1,3.8657448861665773,3,2.8273717387674444,0
7.20574075928405,0,3.042986758476557,3,2.147213675581643,0
4.544779650887426,0,2.9282076598875664,2,2.1446132615075904,0
9.994723531936,1,1.6587466127287858,1,1.5172699018071765,0
8.836781053035333,0,0.5433603069065487,3,2.3461230231283166,0
8.906640051712131,0,3.849435236323345,4,2.168983463908962,0
8.270613477471327,1,4.4016666793025045,3,1.5889582870323324,0
8.360507945575193,1,1.554659445345376,3,0.514396651245304,0
3.9212724691024325,1,3.0881758469436034,3,2.2386680167246555,0
4.4970229114331115,0,3.0227788274285663,4,1.4331294790733502,0
3.045426645368363,1,2.97660236773564,4,2.170531996387541,0
6.575413114086531,1,2.5521820147406333,1,2.658334123929563,0
5.671736066225963,1,4.579758928162202,1,1.3531195690653908,0
4.421760569072713,1,2.680456606617902,3,1.8340063668171962,0
6.471145835141002,1,2.7921297683092217,2,2.295307690566236,0
9.599713263594412,0,4.129727752203585,3,0.5189071874453552,0
6.827272427391427,1,4.777834147163206,4,2.8175863619907666,0
1.5424065126060476,0,2.44799782427364,3,0.7535520711230412,0
5.372845832676931,1,2.663115150450745,2,1.2682249123157163,0
8.22723308049397,0,2.946567060987709,2,2.025834458277296,0
7.445356068008742,0,4.885953669446637,2,0.8047152333423688,0
2.630344145812123,0,4.311137387074886,3,1.8129084591676503,0
7.381416355501894,1,3.9876955649244032,1,1.1414069592534095,0
9.666341877138219,1,0.5264909166795274,2,1.8755663553906543,0
1.3907127956933725,1,0.6502912876149739,1,2.004029550365828,0
8.372699734841111,1,3.0083389887034215,2,1.0301120997705666,0
6.498828899658926,1,1.8677853436419394,2,2.750057808495028,0
4.180792413724463,1,1.3526604892654344,4,1.1870150888703401,0
8.403528866623105,1,3.389980880700011,1,0.7388382845866704,0
6.614733922089157,0,2.17732958327518,1,0.9200355193621585,0
7.631863704497639,1,2.417170631602593,1,0.7392863888004043,0
1.2127472744170276,0,1.2282062252965629,3,1.866743531785175,0
3.087523865043779,1,3.1968758815000506,1,1.7419171471479236,0
9.890069681933985,0,3.0255298927888896,2,1.5107969202607303,0
4.853796534330533,0,3.650132571853229,3,2.9781399842554706,0
2.155548605087127,0,3.0557751100455244,2,1.9459672925160227,0
3.4674459990382527,1,1.397987691459994,1,2.7354771866602956,0
62.617445202186296,15,0.7972165504891212,2,0.04194966752487436,1
41.80205326683587,8,1.6805399151777018,2,0.08203208570401255,1
69.73105392477362,12,0.615180129350351,2,0.06857896321424749,1
120.602823713727,17,0.732703634810576,2,0.014710498820785749,1
94.34099199259774,13,1.1597884930030473,2,0.0501717116077878,1
86.70682341027407,13,1.1683639501680287,2,0.09654991623593319,1
137.94320775047564,16,0.4239080825304433,2,0.018700880468204766,1
106.56305916389147,19,0.7603858960540659,2,0.09831127369098736,1
110.73071239605717,14,0.8587002400376854,2,0.011802372033324203,1
155.32063825123134,15,1.1259185475330633,1,0.07044025992517336,1
45.797954544496285,13,0.26933642102043154,1,0.08782175728301862,1
133.44269015216452,19,1.5858533665737333,2,0.015679812977123515,1
50.00033484050496,14,0.5999138828306014,2,0.04428185729598886,1
88.8747006601306,16,1.1522242573535149,1,0.08427574974096072,1
77.54960154015146,17,1.241129233385173,1,0.024558779021689868,1
163.66691264870607,13,1.1764931881256953,2,0.028765946292160227,1
188.20118648946575,17,1.1254919756438915,1,0.044256096412892215,1
179.25563447566182,13,0.36842829362346097,1,0.03742112251882367,1
43.75627811871287,12,0.14349826745462846,1,0.07254559800122155,1
88.83695351142353,11,1.1887787149686138,2,0.08402325072709249,1
52.52919436611423,13,0.6960826132687824,1,0.05383557269370424,1
133.06299941766616,13,1.675731569768439,2,0.055230946881709826,1
97.77271472129323,16,1.3659830830865756,2,0.016135507844694422,1
34.38802418141279,16,0.5418475808942221,1,0.05945765823055153,1
194.1897673960474,19,0.6924506528619931,2,0.08884946733382383,1
77.21794603737439,13,0.10063176162892988,1,0.06576291594080466,1
140.53418570768608,10,0.8342755982023795,1,0.08026854274615959,1
108.16607204078443,9,1.020743015335843,2,0.015200250489672999,1
148.15598890595405,16,0.9176406372669502,1,0.022802443181847657,1
50.63543970181291,10,0.4377561369173716,2,0.015606261831705643,1
116.60176178546425,14,0.5348997492085659,1,0.06536974944079098,1
82.06311553372399,11,1.345874977867147,2,0.04834750455013344,1
52.22076404583391,11,0.8691170152618796,2,0.02751602606386886,1
92.51908964913923,19,1.0151062084162383,1,0.07602529425052619,1
160.78183191902778,14,0.8906925965415468,1,0.04767225594615418,1
164.35741509622517,12,1.5445506639320565,2,0.027072536335720952,1
135.22119281131268,12,1.6851763953140584,1,0.09782863794190484,1
166.26130902010823,11,0.8056762785352674,1,0.059316354007632376,1
107.24414687519335,11,0.6054366282102234,1,0.053941702331960044,1
55.50827299797732,11,0.5626081399692477,2,0.052841631643188995,1
93.90100847478078,11,1.733173940129197,2,0.08065148894533512,1
181.65439711983984,16,0.29408410634932236,2,0.03838662061732115,1
146.98290003471215,19,0.24519203293229772,1,0.08567844214833303,1
36.53247932359525,19,1.5842238051951465,2,0.06734813291274525,1
142.09016677498306,18,0.9552364215975433,1,0.06525402262840556,1
41.33084689531729,15,1.7766729368665897,1,0.0763690391849337,1
117.07772653815466,12,0.1908785587488004,2,0.01763128144412229,1
151.774975970656,10,0.23538778275399133,2,0.013201378033199353,1
116.45847920608834,15,0.7711776761539219,2,0.09924295679832466,1
195.02749280401392,10,1.3566041610337873,2,0.04193572242312014,1
100.06225814467118,12,1.3545751674325426,2,0.0161841549266441,1
102.13047060043098,19,1.8079115656118472,2,0.07923008330543203,1
136.19280670522483,9,1.367965756288214,1,0.02092477763434658,1
134.55220456660732,16,1.3234180817281482,2,0.053042976511833144,1
182.28848155321992,17,1.6175569641436918,2,0.05269024989155926,1
49.372627901433916,12,1.8485646443168746,2,0.08305928092811238,1
141.60136324635545,18,0.18309768917194202,1,0.09352752762934448,1
68.18465401345483,16,0.8143864908884916,2,0.049546449072500706,1
134.19972902406934,13,0.6202034842768024,2,0.020935123867082628,1
63.56998327618934,8,1.3270405440448914,1,0.0704309441405179,1
83.87682114864063,14,1.7083772435115283,1,0.05896149212644765,1
138.13202983407027,12,1.9589548297211323,2,0.0755641609445452,1
161.99606590495318,19,0.20233059329624964,2,0.05905242270072446,1
197.3938557191664,13,1.1251568189414598,1,0.024833333415649344,1
52.393891487275525,11,1.6537921267281956,1,0.05395547170584457,1
55.61493831067915,19,1.4923229350558762,1,0.07823665099688837,1
156.38204363302359,10,0.665342057505759,1,0.023641243442890626,1
45.938676509744624,19,1.3089535725605714,2,0.04904204610292947,1
57.34418957281686,17,0.11773007767147727,1,0.07675408553616371,1
179.84663254475365,11,0.2884383892157102,2,0.08918348373477449,1
141.78525317226394,16,1.154661403674344,2,0.08336065460323311,1
134.5463008579925,9,0.7752306805029049,1,0.058482610060873526,1
119.10705902344758,17,1.5458824440533783,2,0.0849412422412339,1
31.875374424619185,16,1.9203396122268224,1,0.07105409405696277,1
158.56499184154694,14,0.9936062027933926,1,0.09967009038645226,1
92.61262018616421,11,1.4719347825852005,2,0.02954881879220895,1
53.429892857070016,13,0.8839814976123851,2,0.02605353258765969,1
34.942134658472135,11,0.44450663185845996,1,0.018369157584081898,1
129.99438538122638,11,1.069208453747768,1,0.015836823503467153,1
128.5972438627823,14,1.4355925378594858,2,0.06431388999368094,1
144.99954932848158,9,1.2440767236997141,2,0.0842544469162056,1
114.70346598478712,10,0.21124676556356048,1,0.07713326879323071,1
196.93476237584468,12,1.5983684328775722,2,0.05682669192267887,1
93.48864134450949,14,1.4974606523263214,1,0.01797403867116555,1
67.5040319609059,18,1.6225971400570862,1,0.09985127602536548,1
188.6292663284048,8,0.9003713012587368,2,0.05465497457018976,1
60.30291937378907,13,1.9831402204604769,2,0.044544965673973966,1
127.21828610862171,12,0.4505048809539147,1,0.09816820435304952,1
58.099998864929674,18,0.14596435139357497,2,0.06278311829698363,1
148.60400667841276,18,0.6675785898186688,1,0.015052249307458902,1
174.9637633788709,17,1.7581874759207434,1,0.0515559532251144,1
111.75402012802184,12,0.9705550848019959,1,0.07354171068976222,1
137.29900981264007,14,1.817435327494712,1,0.049316563235366165,1
154.01639887090744,13,0.20883247704748437,2,0.06492026345298772,1
53.01019398720654,11,1.348214796907565,2,0.011206236378894905,1
78.06676722838955,17,0.6361554419170802,2,0.034814786778599706,1
76.85409757542072,15,1.9521858402841126,2,0.07834584361761673,1
106.4557732165918,13,0.22419569937233197,1,0.08677806610632854,1
37.905099694811135,9,1.822231161354381,1,0.04113284027515249,1
83.58221858655102,18,0.759952319891801,1,0.031310587838024685,1
23.311218295952244,0,485.35777368542017,10,0.2270515309536162,2
25.69670938305432,1,204.06311638482046,12,0.27251650908279185,2
29.48877100954392,0,361.6698405896298,13,0.13603581565915507,2
13.45657763330871,0,488.8021318526148,12,0.13235694990562724,2
5.550879007437604,0,190.12677198049403,13,0.08997811028940397,2
22.093852639426064,0,309.35636454974656,5,0.23179004434694672,2
18.56364508488557,0,383.1340388919075,4,0.32580507238787715,2
10.653676289748518,1,293.8785148520188,8,0.11343183238479618,2
21.604697862635433,0,367.6089349316433,5,0.43789410878192253,2
16.50405661221099,0,318.1727477627622,11,0.40413656071294984,2
7.798398175538258,0,283.6959510387832,6,0.4038251897228149,2
10.03409455339936,0,448.8542800089906,13,0.1985967791921739,2
23.918787642215875,1,107.17827142739674,11,0.44502353516841836,2
26.98954637378823,1,202.19733786224188,12,0.30208201626871034,2
23.76823767498368,0,110.86696849022393,12,0.09236835955656406,2
13.591579815227576,1,315.4807191810857,7,0.40925488470094773,2
14.29831669792162,0,428.8412642400902,5,0.09203358738888302,2
16.026803956269593,0,181.50658365107563,13,0.09231624699541986,2
13.916774353544119,0,331.03734635246303,8,0.19055709584848113,2
21.06686644181059,0,466.03602736281726,11,0.28408573546319954,2
16.190073508005426,1,417.3045401753018,10,0.32606291238762936,2
14.07751841585026,0,210.7617949511236,11,0.2781729967394485,2
19.95281573422545,0,173.68993569521047,8,0.37968585561537477,2
25.509437686224334,0,276.12936734733955,9,0.48549014469652496,2
26.42184840187735,0,421.44141417661405,10,0.48520697686662667,2
15.444024481877493,0,148.97355934357643,5,0.12467970288310326,2
27.0481939576161,0,362.45360720823226,14,0.3590874489537631,2
7.3257621615006805,1,387.7414489476634,5,0.1443888264576566,2
14.475678155477436,0,174.9647776390329,12,0.4185785812377452,2
18.51984387463861,0,403.8329640458527,12,0.2620255545197666,2
25.54092244276179,1,225.6243179970928,11,0.27239560126263496,2
25.70623131093046,1,310.17396501827716,8,0.10082444378502811,2
7.179486695795779,0,195.94964510237787,7,0.45741194342504166,2
23.491782518169092,1,399.5305347853226,12,0.24597745447917174,2
19.43124326921533,0,436.579021233904,14,0.42968179688302593,2
11.349371864300618,0,150.50589662580109,5,0.19629680694426455,2
22.158179917152435,1,372.667792960648,9,0.43508176650760383,2
10.679488925587872,1,129.0683486440065,6,0.36236775807942395,2
17.816368828626324,1,244.15112797213902,8,0.0649352095530918,2
12.598660031018095,1,403.6994932243371,7,0.4420420170183734,2
24.151619413382566,0,123.6375560313013,5,0.3428458464014363,2
26.85566810345879,0,324.17625239217597,14,0.22539172434192145,2
14.487572584367964,1,445.82544380906796,11,0.10798192040011467,2
15.319028231650652,0,144.28823733052627,7,0.058100040025346744,2
15.536101039481185,1,467.23062087966025,10,0.10735428174029105,2
22.69220815826547,1,464.3080646575661,13,0.36469191880679164,2
25.986522737519174,0,485.1241428296104,12,0.18713799292376,2
25.734866621471173,1,354.0356423638875,7,0.10066117568537167,2
22.592149436519893,0,127.33637421290416,4,0.15885222271647753,2
5.3101009069328695,1,213.53137880940812,14,0.0834083928447739,2
10.658787358537149,1,397.27727949264136,7,0.0790210720621254,2
26.93098642905501,1,367.12187329056263,9,0.4515361241628435,2
9.633254488217862,0,312.5266082272236,4,0.17838065226079242,2
15.729564834908922,0,498.17500647652395,5,0.3080072055358481,2
21.47062675350176,1,432.54940575428395,6,0.26976858304232243,2
23.43914372732067,0,463.85072777463694,7,0.44084817784412994,2
6.617172337878289,1,328.70894081932886,10,0.24369233464444562,2
12.923664694777983,1,285.7732944902171,12,0.203367064905431,2
9.12061688366905,1,342.8358314875016,6,0.2503607505281547,2
24.720056597633988,0,194.97338734992252,10,0.10926204731241734,2
10.854611170387141,1,295.06682744850576,9,0.16820403916939328,2
11.789219118775996,0,397.4375664706239,4,0.17103152562191198,2
15.174297740856597,1,201.7566323367388,4,0.0678946842448563,2
20.10179192678048,0,156.00963902132708,13,0.4871897109054728,2
13.283675177576269,0,349.00787829189807,6,0.251360663595106,2
16.857210510781513,0,306.62905137839164,9,0.43436119894272696,2
6.237421337341665,1,114.68854500032846,4,0.20248729220243822,2
25.06464198949532,0,187.4039337416521,13,0.18206997044365475,2
28.293842985820408,0,426.67287018028725,4,0.32767993225301056,2
7.845959836915036,0,451.94507094446396,10,0.4434001361083291,2
17.338664508502966,0,117.94142720942746,14,0.10917010395409174,2
11.868288137987989,0,255.94894117661764,6,0.2349594838694956,2
27.690275063913873,0,203.26930167646768,4,0.4207056728995826,2
28.876512787124724,1,388.5573804425153,12,0.33638061658253315,2
6.278384536052518,0,431.83502274610015,4,0.3217079538272245,2
22.16474783731517,1,366.1168407912221,4,0.2553064290299939,2
14.226325544022915,0,338.52860754414735,11,0.38803012151378813,2
6.775191613331387,1,228.43243883482006,12,0.47377657022851627,2
21.714316168072852,0,358.58003604984276,6,0.3171473560438423,2
5.253279600693585,1,155.54853055860679,12,0.3256580607551686,2
26.842464836658625,1,355.1508370654536,8,0.45610398827862875,2
6.661096108894372,1,496.5052906934533,5,0.05526797482890683,2
15.550856503190975,0,279.54122866988325,10,0.30973994903054786,2
6.093476807723684,0,423.2090519626212,12,0.3781280693972516,2
21.307291214798493,1,254.9570342674637,14,0.24346898482556667,2
21.82416555986081,0,317.01374741290056,9,0.405043321964357,2
16.160487910039556,1,253.69584805495253,6,0.43590305194757767,2
27.91588089603018,0,139.54944705625417,14,0.31198943596735124,2
14.279310585940689,0,110.96812398906306,4,0.2866156694929957,2
17.792034664537795,1,272.211735384883,7,0.07015030272710071,2
24.047670503310385,0,161.78389888932952,13,0.3406200738289179,2
20.92255793636858,0,254.34980115804638,14,0.2343330027028544,2
12.780437376584839,1,438.855795877514,11,0.214067177688893,2
10.447313856374752,1,323.87537793517595,7,0.12531187991238257,2
29.300631412414777,1,111.0146879477862,14,0.2893607179359185,2
8.394726176598429,1,115.59840502996464,9,0.4665367985114011,2
15.35375560820567,0,109.34083853127436,14,0.11617783275496478,2
17.19627992981016,1,460.0332732065923,8,0.48016347302989365,2
12.84916793443382,0,277.65108526630064,5,0.42201831188366934,2
29.600329080261606,0,342.750936630772,7,0.06392194012910389,2
294.14843073544967,1,5.872668466128267,1,0.029115137920889697,3
206.45150622979523,0,7.85711631344383,3,0.04354196859611313,3
171.23712942351884,1,3.33401407585385,3,0.01708683701087462,3
201.48927322394843,2,3.4322292291770493,3,0.03230835305000176,3
169.4554078061015,2,2.2527703121112594,3,0.016020859666536543,3
263.35138602390566,2,8.041494965140785,3,0.045212590485957084,3
224.68119163188803,0,8.132692527666272,3,0.01805248431289733,3
179.02754865286371,0,5.27991433738144,2,0.019109989444128384,3
292.80576943310274,0,6.392085265362926,2,0.03133546515061451,3
273.993831929537,0,7.712740347643108,3,0.014992832558673931,3
258.8421325098811,0,8.8938152291637,2,0.015951838776204624,3
192.5351210130787,1,6.298583699181878,2,0.02965672710114227,3
204.4888290810929,1,7.856183722399275,3,0.034230212125562265,3
283.7469421212755,2,6.195511263098181,3,0.04577810227296929,3
191.1958551519874,2,6.419052868193016,3,0.03294115805822293,3
291.20942872238663,2,1.9833778927865926,1,0.027565992665349932,3
269.3937708414121,2,3.807091720038524,3,0.02793276221477689,3
202.08649780084644,1,2.9867093960750357,3,0.010764643777190561,3
195.36869366356342,0,1.2749451138404198,3,0.03770129726148432,3
126.88702588162437,1,6.800232494089303,2,0.02333629288636442,3
246.61023797199869,1,9.617032171342865,3,0.04962184131080534,3
140.13020348075224,1,8.456223695042054,3,0.010092701916192555,3
108.83238723556624,0,6.696156976105907,3,0.015714011492033546,3
250.68558445139382,0,8.397339723459368,1,0.040644637311823446,3
269.1842879355464,1,1.9396371677327329,3,0.029505112386688438,3
115.529866934321,1,1.220486034408871,3,0.023952821358779172,3
122.19961975826297,0,9.529192233680236,2,0.010243549929593563,3
120.18823999550429,1,3.696091101584865,1,0.030024970722816714,3
258.90310889814975,1,1.4520341031757638,2,0.03840440225686827,3
233.37088420285357,2,3.0914589075044305,3,0.026052240968788484,3
158.50301821414837,1,3.395512112639837,2,0.02285982804991528,3
195.28739726875833,0,5.940824044974776,2,0.04915924460699236,3
220.69861920867572,0,4.74509285263983,1,0.014916827138615503,3
277.73181605307974,2,8.802401215166952,2,0.03343459153814077,3
224.9567725578805,1,3.177385122839766,2,0.04290139177536787,3
260.791701510504,1,6.069600378584332,1,0.04667166762809341,3
244.13102905662265,2,2.427617300737402,2,0.015353134519987726,3
225.9115393783473,2,3.4439234267011813,1,0.022703471810444666,3
100.02693860089707,1,8.047149735850596,2,0.02104678231283598,3
241.39529749114322,2,6.249398660317409,1,0.02361482985223051,3
288.0897011472345,0,9.377986348547276,1,0.024409356752017115,3
154.07865727690512,2,8.798931835741783,2,0.04567488579242939,3
186.76348391530593,0,4.395822952656912,3,0.013571580981022917,3
237.40385330064854,1,6.081661458975368,3,0.04376994809623274,3
235.1695492928673,2,2.5025777987247886,1,0.04502044906210465,3
136.5614473313801,2,9.556954369582042,3,0.04775929221452839,3
153.79360631907718,2,6.709057657400838,1,0.011927440495731849,3
172.01009318019567,2,5.503610311391811,1,0.02903870924046624,3
122.19550491702961,1,7.937025564374918,1,0.012094200807498897,3
253.51352570358364,1,5.968624281880401,3,0.03878615266442122,3
174.23232295714837,1,5.250536237466836,2,0.018629627167058165,3
235.56264006200885,0,1.32344807429398,1,0.015464036146046904,3
230.32795209545532,1,7.633868953888461,2,0.035793304160892554,3
179.02618152230065,1,2.792937474046478,1,0.021496383858623187,3
173.5571975512306,0,8.40978486838646,2,0.030634476108493125,3
153.5185353455943,0,7.192399994524124,1,0.025163761946877448,3
167.46910935381854,1,7.3844467037865185,2,0.02654570699674541,3
198.5729168894893,2,3.972185014027648,2,0.020667007866479105,3
244.97129986300342,0,9.671493167988295,2,0.03710169069835813,3
162.37277158337665,2,2.97824813940871,2,0.04428518239425129,3
215.07108065031122,1,7.931423905813864,2,0.024709346032204395,3
136.3478381418926,2,1.1579712702996603,1,0.0236721482196873,3
247.80531155759172,2,4.132860338514593,2,0.0328259849552374,3
213.61850246757345,0,6.8181286747413745,3,0.04517020459385539,3
235.11601839005195,2,8.467868082588804,3,0.041215044942839216,3
191.5991518007143,1,2.370950070964109,3,0.038405417271922634,3
287.47568763286415,1,5.356693627391814,3,0.012388659558835573,3
234.32845630920596,1,9.911880042288592,3,0.04140758172593634,3
298.2655803128441,1,6.801320572681092,2,0.024627229930454853,3
145.07625360135316,2,2.267226540034085,2,0.04388777756134327,3
163.02940782651064,2,2.322664386293887,1,0.031090607236610265,3
281.2841927828874,2,7.067172659824567,3,0.04239440749442345,3
289.47904991728933,1,3.6145405510427837,1,0.04560564549584059,3
241.5442700535055,1,7.210869024140591,2,0.010313663630876673,3
226.18435804583268,2,1.4010744110381124,1,0.048317364842270824,3
205.93194478912397,2,4.1884098835694195,2,0.03718481330940431,3
115.24784359471289,1,9.357942583133946,2,0.028386594816106447,3
209.31542840645898,0,5.1273814916245595,3,0.016629991192806236,3
189.10832774837817,0,1.4498112579371085,1,0.015479962522146855,3
298.99627386501857,1,8.684064295342004,2,0.014355732559241562,3
227.30772935067085,2,9.830293586126396,1,0.018764699178797535,3
191.79269587545974,1,6.342048418409074,3,0.018558281547529476,3
102.60591355141675,1,2.7109688480535485,3,0.03928490427371823,3
171.00821129039167,0,9.641220439649025,1,0.0481158718399131,3
293.41053628520694,0,8.687997157067812,2,0.03873324701488016,3
149.46806316381668,0,5.124111853535505,1,0.016507989752342637,3
213.01706249055127,1,8.696862865165329,1,0.04341631323368504,3
256.88417160068354,1,8.242778097907253,1,0.018883034827732823,3
164.33399793190972,1,5.632152554092951,3,0.020152843126267795,3
149.1614878612306,0,5.328011319427081,1,0.010017711257488316,3
280.276619328387,1,4.580529629519413,3,0.04819387972153873,3
198.93503791825668,0,7.849071311458529,1,0.0354177458263809,3
118.1443404469862,1,9.265837889308678,1,0.027774613969660578,3
155.1095878438967,0,8.087941772729014,1,0.03256296115334071,3
171.71569230497465,0,3.163590216041562,2,0.045094224488210405,3
294.8744477358515,2,5.5536211696143845,3,0.040070886921563735,3
145.73888188007297,0,2.576995948952446,2,0.037181997085356334,3
144.9780433631825,0,7.47243907250112,3,0.027100073253124468,3
165.26768618639744,2,3.5424645937556702,3,0.04576377210133003,3
289.2913026300811,0,4.775031945615822,3,0.029053429332043954,3
29.90159408584409,0,19.77825758146291,16,0.12392366851040106,4
33.75209923238462,1,10.17689523027138,16,0.14108855960705802,4
21.809672099585686,2,17.673010949045867,10,0.0737632613831732,4
43.06987072104988,2,13.304775827890115,9,0.24347655544266628,4
24.104104237154328,2,17.891485146411334,8,0.18477363818400216,4
21.298897054800147,2,28.275249272132495,12,0.2413866876289652,4
10.000465390214647,0,6.533273891082065,13,0.06365860500024308,4
48.92312651889331,2,10.089459438659011,12,0.12598562806375685,4
19.216666484693995,2,6.297523589682726,11,0.29171137494982136,4
18.971739331401803,2,21.015889820064665,16,0.2621063447726312,4
26.905167880544365,1,27.401019991430477,12,0.22815533327462822,4
42.67117866022544,1,8.133911894809641,18,0.2998859796797736,4
26.23004674460244,1,14.829880025698056,12,0.08740036238173814,4
25.22758724643463,2,18.612423977596627,17,0.05516784222297612,4
20.76078587193242,1,19.594319512852792,18,0.2071085118547497,4
29.274699170984665,0,20.038846982495603,11,0.20803987479661434,4
15.197654890717649,0,7.562899101661861,8,0.22712242437319935,4
16.883569171810375,0,28.323121564241802,15,0.08975625093506533,4
17.207830165125916,2,16.542903595327978,8,0.08050762358046216,4
15.005010285669877,0,26.54227259468363,8,0.057714476077018115,4
12.075811980736436,0,13.633548806122196,13,0.21628654855960133,4
16.29305120007313,0,22.529246539756492,19,0.2177638209649786,4
27.412968858209446,0,12.799600508160463,17,0.09075883423289775,4
41.44822609044232,1,5.401546624525154,18,0.25974933192950267,4
10.456719338162944,1,20.39779789191803,9,0.15941533203705088,4
19.39893619983811,2,17.52719700655493,13,0.18660757901946184,4
48.681411010245846,2,15.739898589401617,12,0.22961348683063754,4
44.505618845967156,0,29.03783347457712,10,0.2881167791719617,4
19.06909529319853,2,26.63239397272281,11,0.21928810311441843,4
35.00116744340823,1,26.78535085477136,10,0.17537886536993347,4
12.835663035651415,1,20.621852490174973,10,0.26267006515121155,4
49.27622792306157,2,5.30391928693467,15,0.06295894977993226,4
31.954346603094237,1,14.76705277464848,12,0.13823962586308913,4
34.85169796198441,0,15.763505237679748,19,0.15113184639346744,4
12.734128012398344,2,13.896368981480284,9,0.15819171989981567,4
37.41775532887606,0,6.80277732323588,14,0.28611214567357585,4
35.66937589194232,1,23.3371686623026,14,0.0997480347398592,4
26.733354564091204,1,20.027567390608205,11,0.11946319402242807,4
21.052764338634145,1,27.86827787391259,15,0.06687563667095549,4
30.748039775223802,0,7.578034060201895,17,0.07832587618186605,4
26.144040094463648,0,9.7453825743039,11,0.15568215922348305,4
23.860966718108727,2,11.606906578965983,17,0.17919748478203956,4
39.606454750458525,1,12.186541622431253,17,0.22244471231203028,4
15.757676542889234,2,6.9244866766241575,13,0.06708352621140105,4
27.214989987631732,2,20.591219457256653,9,0.11685050696438533,4
10.604427368579001,2,14.331495361568972,18,0.2190065720131369,4
38.26519479514838,1,12.822684855341205,11,0.11238109170956216,4
10.080740709929357,0,7.926651035604216,16,0.08870715314942997,4
47.78945035132318,1,28.476427399179677,12,0.10065815853383579,4
33.50343484437607,1,14.338870026192048,19,0.20687164294606986,4
25.42454051462592,2,11.327538479490219,11,0.28491287782337704,4
18.819347738932166,0,25.995040166610668,17,0.23485205745782795,4
18.58671455890147,1,7.547327521823419,9,0.23570624372657906,4
23.081785766072713,2,7.107532865283759,16,0.15850524317718973,4
20.348465686217637,0,17.8181598565444,18,0.05226354039509275,4
33.578159579387886,0,18.671899146901115,16,0.1105055199952193,4
38.56210893512507,2,9.98175841167002,14,0.06250464420527806,4
46.46085173301266,2,13.899275812209858,12,0.06928629213489547,4
46.44673140720316,2,16.47351291492051,10,0.10383609534563816,4
33.88383080746879,1,14.30500979563048,14,0.2596229584607562,4
42.20361273982651,2,17.337524803860205,15,0.10007050446690648,4
34.671344314101646,0,11.333929251491536,18,0.18036225604172001,4
12.738348773343123,1,15.68739125891898,13,0.24992969099121531,4
23.344271561161726,0,27.38365222882923,16,0.058751978701701416,4
41.49493380020422,1,20.75618048640395,18,0.20948856567118468,4
43.345725365758334,1,21.233058114422043,12,0.24599683967233887,4
26.775584466678865,2,12.309577760304828,18,0.19971135001985973,4
18.043949097706697,1,17.565781065753264,18,0.1727739323457913,4
47.08442515433709,2,12.025952034525707,10,0.15241776334399815,4
36.20694858097352,0,28.100671760643323,12,0.09011565356780661,4
12.819677825725787,1,28.563282688002918,9,0.27042265296087703,4
42.56502742364647,2,7.760796585277567,12,0.051991101186362784,4
46.9824422150722,2,17.875141492743076,14,0.11372056222872058,4
39.701233313616854,1,25.713889947652035,16,0.2570292072515857,4
18.642404649790656,2,28.82037542506265,11,0.20805414943848727,4
24.9408070759875,1,28.528020313341838,8,0.1296522406909018,4
46.14233773730121,1,18.834279743744297,10,0.13722251876045588,4
30.863975840454327,0,21.923519574920935,8,0.13619535501816177,4
28.473739251004414,1,15.980265031242933,13,0.12398572221466415,4
28.36756934930247,2,9.48133139348202,11,0.10739954018849217,4
14.702052006008799,0,23.515653722359264,12,0.22968490446338258,4
39.29604196233517,1,12.419667050496265,13,0.07088858437767244,4
10.76515865749148,2,23.310346620316714,10,0.11038421042542045,4
24.170853088688627,2,10.559032618704258,16,0.10297358261002727,4
22.44009978930721,2,6.44330398062793,13,0.11690019971542688,4
23.426953321562387,1,28.99657006783638,15,0.2965616679878504,4
26.58943307869884,0,15.723608335753607,10,0.2197446232595105,4
26.474589616699838,1,9.29234769263624,9,0.13188804129503312,4
31.867410203971552,0,20.78547303045941,8,0.17392593755797275,4
47.325089376332336,2,8.571049120358296,17,0.1780711893108713,4
14.571430799919177,1,27.391869440469467,14,0.24324668032639668,4
48.057681149027246,0,5.453101026143243,8,0.2643272255902102,4
36.92985757418126,2,19.016957373473748,12,0.10547511519609322,4
38.58565099634897,0,23.282912992582407,16,0.18391414983689464,4
43.44470812828995,0,26.85426705392565,16,0.17127366499488506,4
23.345135833474625,0,18.289434919374827,10,0.2551496894191467,4
26.182746256160698,2,16.657743903504254,12,0.15243480911073476,4
35.910969318013684,1,27.544350713655717,9,0.06674340300631788,4
45.094018125313546,2,18.54402410668908,11,0.26198197094083714,4
31.823407306765912,0,6.852635564371677,9,0.17834205255622887,4
